,x,y,z,map1,map2,map3,map4,map5
0,44222.21,35600.9,14.97439625,0.17117864,0.11476543,40.689117,4080.2434,1.6777644
1,60003.4,26172.72,14.07886825,0.15036175,0.11630457,37.270737,4174.499,1.6734848
2,44300.61,35291.79,14.26157036,0.17259488,0.11587902,40.625473,4087.8545,1.677763
3,52776.47,33453.18,15.347562,0.15526593,0.13158101,37.67005,4228.909,1.6744163
4,49636.39,30697.34,14.42256967,0.1494673,0.114679836,37.760735,4194.6284,1.674211
5,49936.69,35112.35,15.99689205,0.14858593,0.12428307,38.213703,4205.5205,1.6804813
6,66629.38,32229.76,7.926757778,0.1565971,0.12246885,36.243813,4194.5957,1.6750109
7,55982.62,42108.43,12.76980343,0.15473966,0.11616742,40.24247,4155.4824,1.6787456
8,56667.69,35525.32,7.384618042,0.16312711,0.1329911,37.81642,4215.544,1.672128
9,70709.39,31109.77,12.14286088,0.15571055,0.12211444,37.805477,4164.1206,1.6704297
10,58060.97,33833.0,12.83758137,0.14764042,0.12490741,37.14141,4230.447,1.6756121
11,45466.85,35289.28,14.62184589,0.16785936,0.1175055,40.088688,4086.1396,1.6795743
12,45805.19,34971.88,16.94270003,0.16868405,0.11900667,39.90471,4093.562,1.679973
13,45400.09,34782.01,15.86125113,0.17045912,0.11906173,40.074142,4098.928,1.6792679
14,44940.23,34550.62,15.07666326,0.17088938,0.119175725,40.265076,4105.4165,1.6784611
15,44519.6,34394.78,15.19080243,0.17139672,0.119098656,40.444702,4109.955,1.6777451
16,44953.34,34105.64,15.26402046,0.16995692,0.12064033,40.219353,4116.5254,1.6783037
17,45350.36,34302.97,16.72155266,0.16958037,0.120549865,40.0543,4110.9854,1.6789992
18,46209.36,34629.24,14.8466988,0.16856068,0.12068129,39.688187,4101.5156,1.6804643
19,46672.73,34437.48,17.14758129,0.1672612,0.121947594,39.457897,4105.6045,1.681108
20,46210.78,34226.69,15.30648368,0.16773759,0.12199176,39.651634,4111.581,1.6798589
21,45743.11,33997.02,13.83230655,0.16818672,0.12208932,39.846306,4118.038,1.6785136
22,45325.77,33911.13,15.14459273,0.1688301,0.12178939,40.030655,4120.8223,1.6778688
23,44814.86,33648.67,15.68177223,0.16808562,0.12193357,40.242302,4128.1655,1.676345
24,45279.63,33350.07,17.24781322,0.16466852,0.12354911,40.00183,4134.9253,1.6759042
25,45754.74,33542.69,12.40815318,0.16548929,0.123582296,39.80043,4129.3833,1.6764953
26,46147.14,33816.74,13.38964769,0.16702694,0.12323601,39.644333,4121.931,1.6779075
27,46665.02,33956.24,15.81905055,0.16629559,0.123501174,39.418518,4117.6523,1.6788609
28,47143.37,33738.92,11.23985983,0.1647105,0.12487132,39.179047,4122.3584,1.6781251
29,46560.11,33547.97,14.20033129,0.1640972,0.12468266,39.43036,4128.0234,1.6769806
30,46156.62,33228.08,16.26403799,0.1620457,0.1251626,39.587463,4136.6387,1.6762266
31,45696.06,33100.64,17.20962189,0.16176371,0.124937765,39.78799,4140.5283,1.6757488
32,46043.57,32762.64,17.2816197,0.1582145,0.12651864,39.597958,4148.4526,1.6754103
33,46605.4,33002.13,17.00796916,0.15928662,0.1265198,39.360832,4141.606,1.6761284
34,46974.58,32784.76,10.8899675,0.15770982,0.12773862,39.17159,4146.48,1.6759968
35,46801.7,33413.79,12.45907851,0.16250324,0.12545407,39.307243,4131.011,1.6769073
36,45387.92,33091.83,17.68738795,0.16223747,0.1245388,39.92897,4141.2188,1.6755521
37,50838.68,33575.61,11.85328744,0.1588965,0.1286209,37.74283,4177.212,1.6795571
38,50300.44,33639.97,11.36912962,0.1597245,0.12957376,37.767094,4163.927,1.6795058
39,51100.6,33361.42,11.30711857,0.15958066,0.12842733,37.67597,4177.205,1.6793673
40,50576.0,33314.76,11.82403471,0.16079079,0.12747878,37.666683,4160.385,1.6789818
41,49967.89,33192.12,9.589850183,0.16013868,0.12735873,37.830772,4138.461,1.6784242
42,49545.72,33207.53,11.07432869,0.16008596,0.12889501,38.02638,4131.986,1.6781993
43,49116.39,33150.16,8.972242393,0.15974177,0.12952289,38.21878,4134.075,1.6778529
44,49762.73,32786.33,10.78503952,0.15846922,0.12699085,37.888958,4142.1895,1.6776495
45,50362.53,32885.45,10.03428288,0.15902545,0.12797675,37.621845,4139.018,1.678164
46,50257.03,32881.27,10.28007861,0.15898038,0.1277748,37.67001,4139.061,1.6780949
47,50834.38,32946.32,10.49990313,0.15939505,0.12878925,37.553402,4154.8154,1.6785413
48,51327.74,32863.08,13.00172973,0.1591972,0.1299552,37.523865,4166.1343,1.6786994
49,51137.49,32490.09,8.480841149,0.15766223,0.13037828,37.413284,4147.502,1.6779863
50,50630.34,32496.55,9.244360451,0.15755092,0.12935019,37.463936,4148.1143,1.6776962
51,50129.32,32468.7,9.916622152,0.15730481,0.12840828,37.691967,4149.574,1.6773548
52,50104.31,32861.12,11.01881688,0.15885897,0.12751281,37.738476,4139.798,1.6779721
53,49727.31,32514.66,12.8536538,0.15737903,0.12750533,37.88102,4149.038,1.677191
54,49931.63,32029.23,12.46343934,0.15550335,0.12895975,37.743713,4160.867,1.6765306
55,50499.86,32136.32,7.668958584,0.1560828,0.12986535,37.491837,4157.3223,1.6770391
56,50860.56,32022.25,7.072109394,0.15572646,0.13083243,37.315712,4159.625,1.677069
57,51485.97,32218.21,12.03544047,0.15667494,0.13166094,37.32827,4153.771,1.6777545
58,50959.24,32726.88,8.997155974,0.15855592,0.12951171,37.486195,4150.6597,1.678262
59,51040.57,33074.04,11.25651795,0.15995875,0.1289264,37.58998,4165.298,1.6788691
60,51154.38,33069.88,11.8768775,0.15997298,0.12916297,37.587692,4168.441,1.6789297
61,51409.62,32612.36,11.51708856,0.15822206,0.1306591,37.44763,4159.6284,1.678344
62,51068.04,32257.0,8.470406313,0.15671632,0.1307416,37.34374,4153.438,1.6775695
63,60393.75,26229.52,13.89904561,0.14916854,0.116999544,37.158764,4171.7095,1.6711026
64,45197.13,32903.58,16.55209551,0.16094686,0.124886,39.999958,4146.218,1.6751362
65,60973.67,26183.72,13.38688677,0.15089716,0.117864214,37.08396,4168.531,1.6753786
66,46380.25,32690.94,17.87298178,0.15717608,0.12721887,39.43666,4149.7324,1.675494
67,59639.95,26494.55,10.13241336,0.1512978,0.11651755,37.11148,4174.316,1.6745033
68,59219.28,26836.28,8.700054978,0.15242653,0.11676251,36.948795,4174.332,1.6757805
69,44414.82,32856.82,15.87281611,0.16193843,0.123952456,40.355713,4148.58,1.674598
70,49447.0,33476.64,10.71539994,0.16112967,0.12892044,38.0958,4133.4697,1.6785742
71,44244.93,33206.05,15.82788731,0.16526781,0.122581534,40.46503,4140.1045,1.67506
72,43869.56,33854.4,15.28458938,0.17155594,0.11995312,40.695564,4124.462,1.6765192
73,55020.58,33756.42,14.83631966,0.15036073,0.12934452,37.48798,4232.492,1.6663747
74,55529.73,34274.28,14.48773754,0.14805233,0.12852108,37.58086,4227.5186,1.6659143
75,44332.63,34161.82,14.35468233,0.17128862,0.11959646,40.50994,4116.067,1.6773614
76,45579.43,35509.71,14.77247993,0.16561887,0.116945185,40.056553,4093.5967,1.6798368
77,44977.97,33318.58,16.76901453,0.16493413,0.12323292,40.137814,4136.173,1.6756747
78,45171.68,33669.75,14.89664709,0.16763122,0.12236019,40.080013,4127.0947,1.6766515
79,45453.37,33647.83,14.19622674,0.16693835,0.12282235,39.94846,4127.2134,1.6767137
80,49137.1,32631.83,10.1771986,0.15768567,0.12607262,38.163017,4147.007,1.6770306
81,49069.1,33115.08,9.857718494,0.15958951,0.12945727,38.237408,4135.025,1.6777681
82,55739.48,33637.33,15.17020567,0.15149206,0.1284481,37.365032,4233.2666,1.6749277
83,45648.13,34727.62,17.04710837,0.16986184,0.11958275,39.955177,4099.91,1.6796317
84,45638.97,34550.0,16.85221322,0.16951777,0.12014734,39.94355,4104.3667,1.6795464
85,49832.4,32278.83,13.20934081,0.15646936,0.12822354,37.81163,4154.7764,1.6768734
86,49688.77,32098.86,12.14836845,0.1557147,0.12832409,37.861664,4159.496,1.6764987
87,50322.26,31879.12,10.17304532,0.1550118,0.13006431,37.550602,4164.0254,1.6765199
88,54843.72,34353.78,12.43688229,0.14788054,0.13130021,37.687977,4227.093,1.670803
89,55268.13,34346.41,15.22255568,0.14799465,0.12967068,37.6342,4226.9727,1.6658387
90,55728.61,34371.79,14.16084562,0.14794011,0.1282891,37.585835,4226.5366,1.6644206
91,55843.84,34518.06,13.57502677,0.14851646,0.12918863,37.615536,4225.1445,1.6620965
92,56214.52,34397.75,9.554059847,0.15193067,0.12852547,37.534542,4226.084,1.6642606
93,56500.1,34013.06,8.660039668,0.1533177,0.12697479,37.384888,4229.4854,1.6671085
94,55925.73,33984.94,12.39762935,0.14925109,0.12659505,37.446278,4229.997,1.6696726
95,55480.07,33940.24,15.04561797,0.14973648,0.12799233,37.487072,4230.6035,1.6713196
96,54632.05,33914.03,14.73408932,0.14926599,0.13116032,37.58229,4231.2188,1.6649957
97,56119.15,32612.96,9.329727702,0.15486483,0.12988725,37.012794,4242.4917,1.6868
98,55615.71,32903.49,8.833211485,0.15358193,0.13283104,37.16078,4240.051,1.6844783
99,54734.08,33510.53,15.43176452,0.1512848,0.12990561,37.449314,4234.873,1.6659138
100,55258.41,33563.78,16.15113778,0.1515293,0.12802643,37.401516,4234.1533,1.6738675
101,54983.33,33216.69,16.16992051,0.15226309,0.13106629,37.331223,4237.4575,1.6741009
102,45122.42,34416.74,17.23120112,0.17025928,0.11986374,40.16932,4108.4873,1.6786907
103,50572.74,32891.35,9.716184945,0.15910573,0.12838444,37.53923,4145.3047,1.6782979
104,51357.75,32414.4,11.1019914,0.15742064,0.13098183,37.3885,4151.123,1.6779945
105,51326.13,33550.64,11.62773029,0.1579486,0.12847069,37.73089,4190.4224,1.6793346
106,51617.02,33606.38,10.22391884,0.156963,0.1289323,37.74503,4200.8066,1.6777222
107,52151.57,33361.85,14.92153085,0.15721431,0.13052806,37.666557,4207.6084,1.6778508
108,54259.36,32239.7,16.42112664,0.15713619,0.13155276,37.127243,4228.838,1.6794306
109,55569.66,33700.29,15.35053496,0.1510443,0.12713623,37.404484,4232.7646,1.6749036
110,56663.45,33754.03,8.865079709,0.15511002,0.13176692,37.287632,4231.788,1.6700175
111,55755.8,33379.74,10.58977587,0.1524323,0.13261306,37.286076,4235.6216,1.6748943
112,56348.46,33269.05,14.98574842,0.15216199,0.13360405,37.180984,4236.3745,1.6732668
113,60410.43,29206.82,11.64199051,0.1561326,0.120865576,36.06349,4204.8086,1.663139
114,55240.69,32954.01,12.28787037,0.15316465,0.13319412,37.221455,4239.753,1.682754
115,46686.59,35186.26,15.06680602,0.16302715,0.119532876,39.51832,4114.161,1.6814283
116,60243.38,28207.64,13.37445314,0.15344946,0.119311,36.09186,4176.1436,1.6656173
117,47074.11,35036.71,16.68071924,0.16240363,0.120556735,39.326683,4120.0737,1.6819706
118,45666.02,34701.42,17.05532435,0.16977334,0.119692706,39.94461,4100.538,1.6796489
119,60197.3,28759.51,8.38540419,0.15463075,0.11994926,36.07773,4202.5254,1.6641102
120,44855.07,34388.07,17.02326532,0.17072515,0.11958597,40.289757,4109.612,1.6782635
121,45604.36,33783.67,12.8988354,0.16784592,0.122590266,39.89111,4123.586,1.6774362
122,46543.22,34185.81,16.73865676,0.16700234,0.122585945,39.495033,4112.0967,1.6798623
123,49147.91,32842.46,8.67723506,0.1585264,0.12629241,38.17683,4141.7227,1.677376
124,50897.97,32650.73,8.594212578,0.15823649,0.12955326,37.463833,4146.1924,1.678103
125,50283.66,33457.66,10.76965313,0.16084598,0.12916595,37.712357,4156.9897,1.6790386
126,50174.96,32194.93,10.59182912,0.15622817,0.12908936,37.646545,4156.352,1.6769412
127,48901.47,32834.29,9.613587121,0.15842734,0.127006,38.28949,4142.3027,1.677217
128,49245.55,32450.9,8.689981613,0.15699528,0.12667927,38.09698,4151.3667,1.6768034
129,49393.48,31903.55,9.736577938,0.15485807,0.12815431,37.980095,4164.8306,1.6760097
130,50173.04,32109.22,11.78027901,0.15588672,0.1292701,37.639786,4158.4985,1.6768022
131,55475.03,33269.92,11.73238681,0.15250558,0.13285118,37.287376,4236.7524,1.6838207
132,55903.16,33165.05,14.50046618,0.15311988,0.13344541,37.204014,4237.525,1.6780907
133,56144.63,33494.13,15.15957803,0.15156828,0.1329011,37.27301,4234.401,1.6745892
134,56221.91,33837.66,12.56588431,0.15036918,0.12890849,37.366276,4231.217,1.6704811
135,56552.21,33487.88,13.90197049,0.15388195,0.13511273,37.221615,4234.2783,1.6752992
136,56039.38,32858.52,11.85691786,0.15294419,0.13146633,37.095863,4240.2754,1.6864259
137,55420.23,34657.76,13.26082636,0.14766623,0.1301193,37.708763,4224.051,1.6596332
138,47509.34,34744.25,15.5532689,0.16240434,0.12211131,39.100357,4122.307,1.6825304
139,47370.98,34489.35,12.52458297,0.16441151,0.12274783,39.14127,4109.285,1.6817627
140,60239.73,25983.12,13.78288559,0.14972408,0.116436474,37.360466,4174.472,1.6727597
141,44853.97,34747.5,15.30616922,0.17145973,0.11841608,40.322327,4100.624,1.6784054
142,44760.72,34697.61,13.39164575,0.17154096,0.11844883,40.36078,4102.014,1.6782407
143,60666.27,25661.43,15.88969015,0.14866626,0.116701,37.507973,4174.272,1.6745462
144,45057.76,35576.29,10.4222367,0.16750978,0.11600492,40.3025,4080.8694,1.6790528
145,44525.85,35384.37,12.08142969,0.1714654,0.115890674,40.530106,4085.196,1.6781496
146,44060.09,35227.52,13.61030188,0.17354007,0.11575421,40.730392,4089.829,1.6773632
147,45363.2,34352.43,16.42908154,0.16965601,0.12040687,40.052803,4109.7285,1.679039
148,45317.16,34424.49,16.10905896,0.16989316,0.120108806,40.08041,4107.996,1.6789964
149,43964.38,34637.96,14.70364593,0.1729811,0.1175377,40.72184,4104.7197,1.6769793
150,44542.75,34937.82,13.78302718,0.17245796,0.11736562,40.48249,4096.3384,1.6779977
151,44912.48,35122.25,12.6285832,0.17172454,0.117279135,40.328842,4091.162,1.6786458
152,44051.26,34154.11,15.02057318,0.17182466,0.11923104,40.63871,4116.689,1.6769211
153,44027.36,33668.97,15.8094933,0.16966742,0.12077489,40.60642,4128.859,1.6759802
154,44575.24,33936.71,15.94403086,0.17035413,0.12066481,40.378242,4121.327,1.6775501
155,44506.32,33270.3,17.22549585,0.16535789,0.12273536,40.350502,4138.0996,1.6753181
156,46261.99,35135.72,15.12853569,0.16538362,0.119107984,39.70916,4100.0957,1.6807485
157,46618.63,34796.8,16.07037368,0.16605036,0.120704524,39.514843,4098.4126,1.6811672
158,47124.62,34627.89,14.59916862,0.16474073,0.1219557,39.26698,4107.0654,1.681886
159,47052.49,34192.42,16.23219776,0.16601703,0.123271085,39.261322,4111.1543,1.6801901
160,47509.4,34248.49,15.08319828,0.16511934,0.12372287,39.056107,4109.0557,1.6807187
161,47558.49,33821.15,13.94972283,0.16426812,0.12518013,38.995396,4119.669,1.6787518
162,47502.43,33896.25,15.1797936,0.1645311,0.12485818,39.027893,4117.876,1.6790696
163,47410.75,33282.93,9.384237199,0.16028194,0.12672457,39.015358,4133.3555,1.677057
164,45538.83,34655.09,16.50689477,0.16992836,0.11966687,39.998997,4101.8906,1.6794329
165,45606.15,35567.92,14.7156703,0.16504113,0.11679306,40.049458,4096.4297,1.6799016
166,47268.96,32939.89,7.826314896,0.1584064,0.12764284,39.049988,4142.151,1.6764209
167,49766.23,33652.53,12.28534993,0.16085134,0.12879172,37.964615,4148.9253,1.6792524
168,49444.46,33680.84,11.98454537,0.16140674,0.12825316,38.11518,4140.623,1.6791971
169,49076.7,33045.84,10.2829295,0.15931611,0.12869379,38.227737,4136.745,1.6776614
170,48954.28,33550.19,11.23796585,0.1612892,0.12799767,38.329052,4124.3174,1.678401
171,48741.88,33254.28,11.56112562,0.16005477,0.12866482,38.40038,4132.042,1.6777987
172,48663.58,32984.47,11.51007262,0.15896045,0.12938142,38.41233,4138.909,1.6773181
173,48775.83,32339.97,7.908408072,0.15642719,0.12597895,38.303196,4154.8574,1.6763465
174,49310.71,32841.23,9.122663438,0.15856548,0.1259687,38.10182,4141.5054,1.6774702
175,46351.59,34036.0,15.74333107,0.16707285,0.12280699,39.569836,4116.1357,1.6790507
176,46817.0,34180.86,16.73493096,0.16645533,0.12298191,39.36863,4111.8027,1.6799985
177,46851.87,33691.48,11.96411294,0.16481988,0.124621086,39.30893,4123.9893,1.6777338
178,45857.51,35303.24,16.92665358,0.16594528,0.11800221,39.910194,4094.3296,1.6801867
179,46310.54,35462.16,16.19025698,0.16261162,0.11811427,39.715942,4113.0527,1.680954
180,47171.21,34377.58,14.76863443,0.16590592,0.12283399,39.223217,4106.343,1.6811242
181,56347.22,32873.91,12.20726194,0.15350811,0.13118714,37.063057,4239.998,1.6788392
182,46075.42,34514.61,15.97833303,0.16858973,0.12086805,39.739586,4104.5864,1.6802107
183,55214.9,34042.76,14.42104226,0.1490155,0.12922081,37.549934,4229.7803,1.6708976
184,45549.77,33209.73,16.95303034,0.16297017,0.12438015,39.865025,4138.0234,1.675838
185,44766.4,33033.16,15.58865655,0.16283876,0.12386709,40.20969,4143.634,1.6750901
186,46499.06,34711.03,16.00157055,0.16704823,0.120817415,39.562206,4099.0283,1.6809471
187,46082.66,34866.25,14.74796066,0.16803712,0.11973504,39.767628,4095.7805,1.6803621
188,45188.59,34039.45,14.2209358,0.16936061,0.12118197,40.105213,4117.8223,1.6783879
189,45269.67,33845.42,14.77692472,0.16880624,0.12192517,40.050602,4122.552,1.677529
190,44873.53,34764.13,15.39033338,0.1714553,0.11838921,40.31481,4100.178,1.6784422
191,45228.34,34511.0,16.81414111,0.17024362,0.11970434,40.128994,4105.9683,1.6788929
192,45670.38,34291.08,16.88243994,0.16892858,0.12103257,39.906,4110.7944,1.6794918
193,46034.91,34069.5,14.50082691,0.16776215,0.122258715,39.71852,4115.781,1.6790223
194,46550.09,33775.3,13.52683475,0.166085,0.12392982,39.455254,4122.3525,1.6779491
195,46991.18,34020.51,16.47177836,0.16578695,0.12374485,39.274193,4115.548,1.6793513
196,47003.21,34435.17,16.34901227,0.16633244,0.1224137,39.305645,4105.1587,1.6812949
197,46193.96,35036.45,15.49275942,0.16647267,0.119336255,39.7316,4094.6155,1.680603
198,43928.06,34334.05,15.8067573,0.17243303,0.11847519,40.711437,4112.376,1.6768014
199,44812.2,33278.79,18.08916306,0.16488533,0.12313222,40.210533,4137.4204,1.6755126
200,46537.49,33318.39,15.1753935,0.16214831,0.1253976,39.420288,4133.8,1.6765975
201,55800.82,32685.93,7.92786691,0.15269975,0.13113421,37.07328,4241.9634,1.6853354
202,49353.27,33379.01,11.11930514,0.16071604,0.12910774,38.13022,4127.99,1.6783614
203,49759.46,33423.84,9.066500463,0.16100408,0.12952566,37.94733,4140.6357,1.678674
204,49666.37,32900.78,9.38446308,0.1588984,0.12655157,37.943497,4139.4736,1.6777767
205,55743.24,33263.22,13.19470476,0.15273315,0.13397267,37.252785,4236.6953,1.6793871
206,56484.69,33655.52,12.44822119,0.15327063,0.13295004,37.279915,4232.7705,1.6719933
207,44034.98,34184.69,15.01206938,0.17191897,0.11910909,40.64892,4115.9487,1.6769083
208,44096.53,34214.74,15.04596991,0.17185947,0.11909684,40.623283,4115.1035,1.6770157
209,56240.58,33739.52,12.69980149,0.15051909,0.13047978,37.33468,4232.1084,1.6717395
210,56245.64,33715.54,13.08006376,0.15056075,0.13087717,37.3269,4232.3257,1.672045
211,45109.28,34650.68,16.4248524,0.17076176,0.119085036,40.196224,4102.6562,1.6787635
212,51501.35,33207.17,12.47164792,0.15959625,0.12956107,37.625885,4183.333,1.6793561
213,51198.09,33801.54,11.29235299,0.15591837,0.12986365,37.807594,4195.6,1.6788995
214,50359.01,32592.08,9.079021284,0.15785761,0.12860179,37.597294,4146.138,1.6776896
215,45869.9,34340.55,15.73107897,0.1686381,0.12114867,39.81862,4109.253,1.679822
216,55619.24,34075.93,14.8782959,0.1487428,0.12775466,37.51071,4229.298,1.6691782
217,51046.88,34085.71,11.3609657,0.15290724,0.1291607,37.894524,4201.2856,1.6787443
218,51455.28,34093.68,14.47287608,0.1518298,0.1297015,37.893215,4213.3765,1.6770593
219,51495.98,33863.91,11.92096296,0.15446071,0.12956119,37.82367,4206.4214,1.6775167
220,51654.88,32908.98,12.68790884,0.15946813,0.13051048,37.534714,4177.2183,1.6789668
221,51895.57,33295.58,12.80195667,0.15818407,0.13015893,37.648926,4197.8604,1.6795424
222,49420.46,32507.29,9.051551777,0.1572668,0.12690756,38.021538,4149.69,1.6769975
223,50092.33,32740.45,10.73041743,0.15837573,0.12774882,37.733223,4142.834,1.6777705
224,50192.05,33210.94,10.25247952,0.1602741,0.12693459,37.729313,4145.6084,1.6785872
225,44789.23,32494.53,14.1200358,0.15813069,0.1256496,40.15114,4157.0703,1.6742364
226,60569.18,26016.9,13.57872405,0.1492134,0.11700482,37.27591,4172.2227,1.6728823
227,44821.5,32808.64,14.56301658,0.16079485,0.124673314,40.164307,4149.165,1.6747612
228,54568.49,34721.21,13.38291839,0.14763945,0.13253891,37.83122,4223.8447,1.6750053
229,47094.39,33211.64,11.16394045,0.16022904,0.1265173,39.15455,4135.6206,1.6767552
230,62406.82,24694.25,17.45459512,0.15185882,0.11822619,37.866947,4189.7764,1.6898246
231,45334.96,32505.49,16.28592508,0.15725139,0.12637118,39.90103,4155.964,1.6745768
232,62749.04,32691.98,11.86533587,0.15147455,0.12267312,36.23078,4218.959,1.6750419
233,57438.44,40484.39,18.22410034,0.15535375,0.115595184,40.334732,4169.731,1.6883659
234,62535.3,30128.56,13.40739593,0.14989436,0.11794212,36.015503,4200.468,1.6731188
235,45586.31,32515.75,17.58105729,0.15689155,0.12668663,39.78631,4155.324,1.674742
236,45136.89,33794.22,15.61657882,0.16877192,0.121907316,40.10713,4124.0347,1.6772125
237,45828.7,35620.29,15.48329024,0.16360404,0.11693164,39.951736,4104.718,1.6802684
238,50684.78,33780.5,10.99258631,0.15740348,0.12965032,37.805916,4180.0137,1.6803863
239,55056.36,32269.93,8.637622369,0.15537064,0.13096005,37.03943,4246.107,1.6819987
240,48624.13,33977.0,12.35967234,0.16168301,0.12615219,38.51902,4127.3857,1.6801015
241,45794.67,39577.97,14.30721626,0.14046276,0.122453295,40.36724,4183.1865,1.6829863
242,47598.48,35500.08,15.79194835,0.1563644,0.11977819,39.12677,4151.6353,1.6829706
243,48135.76,32137.83,7.119959689,0.15545025,0.12513441,38.579643,4160.889,1.6756423
244,71584.98,24301.2,10.97716432,0.15877298,0.11890631,40.08813,4246.239,1.6730398
245,58707.51,26953.91,8.524249922,0.15415405,0.11698725,36.96051,4176.5635,1.6782893
246,57760.0,25248.57,12.97310848,0.16907614,0.11692964,38.33461,4194.9683,1.6717808
247,44950.54,34498.97,15.77356262,0.17076391,0.119357966,40.25573,4106.6924,1.6784563
248,60549.18,24541.32,18.35016143,0.15064633,0.1156889,38.317284,4184.322,1.6762578
249,61991.58,27570.47,7.932055734,0.15746011,0.12127387,36.089394,4183.7876,1.6735861
250,46167.87,35693.43,17.61084932,0.16146597,0.1171645,39.80221,4117.1133,1.6808248
251,46616.29,35543.45,16.18938118,0.16056447,0.11827432,39.582527,4124.7705,1.6814616
252,47035.4,35263.29,18.33090441,0.16081426,0.11976654,39.364716,4126.9736,1.6820011
253,47414.42,35146.32,17.89169778,0.1599757,0.120672695,39.179893,4133.793,1.6825435
254,47764.14,34532.83,15.45395935,0.16243696,0.123152144,38.96427,4122.1924,1.6821952
255,46369.13,34866.94,16.30168631,0.16676813,0.12013029,39.635887,4095.3264,1.6808075
256,45251.6,35051.89,15.74752393,0.17069075,0.11797846,40.16654,4092.4048,1.6791447
257,45167.55,35367.36,10.24775284,0.16863303,0.11683633,40.233356,4084.643,1.6791401
258,44315.06,34977.23,13.8207524,0.1729848,0.11692154,40.590767,4095.7002,1.6776595
259,45080.36,34843.95,16.14056424,0.17121239,0.11841672,40.226776,4097.8667,1.6787957
260,47811.83,34080.93,12.89772716,0.1643007,0.12468717,38.902016,4112.785,1.6801128
261,47712.17,33607.75,11.67318037,0.16255842,0.12608698,38.905655,4124.7715,1.6778445
262,46503.44,33725.56,13.95471476,0.16573721,0.12402677,39.47228,4123.668,1.6776896
263,44675.06,34617.16,14.32654392,0.17154501,0.11859148,40.393017,4104.1562,1.6780753
264,44415.35,34611.01,15.20026314,0.17204177,0.11825114,40.511948,4104.7065,1.6776692
265,49159.54,32966.96,9.68273539,0.15902475,0.12758303,38.182587,4138.591,1.6775835
266,44175.87,34443.04,15.69222244,0.17216913,0.11846479,40.607147,4109.2725,1.6772301
267,44529.75,34169.66,16.78966731,0.17091802,0.119844444,40.41995,4115.5703,1.6776708
268,45045.35,33727.99,15.26760357,0.16836146,0.12199559,40.143326,4125.8306,1.6768501
269,46130.78,33505.32,12.56193094,0.16449414,0.12422555,39.62408,4129.7446,1.6766579
270,47147.42,33564.35,10.29593634,0.16319062,0.12544435,39.161613,4126.7183,1.6773543
271,46799.84,33294.07,12.15320102,0.16146916,0.12584063,39.297417,4134.008,1.6767135
272,46344.6,33261.21,15.58259817,0.16199717,0.12531573,39.503933,4135.524,1.6763912
273,45862.26,33330.26,15.63210677,0.16345668,0.12442199,39.73201,4134.532,1.6762171
274,46183.45,32975.34,17.01953496,0.15980779,0.1260213,39.552574,4142.92,1.6758356
275,45682.29,32839.88,16.46116744,0.15952879,0.12576628,39.771065,4147.072,1.6753209
276,45880.63,32484.56,18.05688384,0.15622027,0.12719643,39.64811,4155.6553,1.674866
277,45299.73,32839.39,16.58863606,0.16020755,0.12523699,39.94703,4147.667,1.6750937
278,44771.04,33371.31,18.15999536,0.16576049,0.122774355,40.237717,4135.1694,1.6756372
279,44341.39,33419.22,16.23344521,0.1669427,0.12202241,40.439667,4134.6265,1.67546
280,43778.17,33408.55,15.70418611,0.16785575,0.1212756,40.697838,4135.752,1.6751095
281,44292.13,33888.13,15.4928959,0.17081033,0.120429866,40.504158,4122.9736,1.6771581
282,49973.55,33488.91,10.7299736,0.16132078,0.12961122,37.854637,4149.129,1.6789056
283,51970.16,33109.94,13.42226484,0.15911984,0.13070807,37.592354,4193.4473,1.679477
284,52520.4,33408.87,16.09386799,0.15610527,0.13116437,37.67737,4219.9365,1.6758916
285,52033.62,33662.02,14.61927604,0.15556468,0.12964556,37.758003,4214.8213,1.6758742
286,52319.12,33822.87,16.87223811,0.15296723,0.12986994,37.80384,4228.769,1.6742749
287,52744.61,33807.68,14.80487974,0.15212373,0.13075355,37.779858,4233.028,1.672583
288,52656.48,32985.47,12.35949209,0.15831618,0.13234869,37.544872,4208.8857,1.6795175
289,52405.07,33067.43,13.87359367,0.15839438,0.13166934,37.575607,4204.5176,1.6796658
290,55424.49,32661.53,8.056116492,0.15329985,0.13205388,37.111713,4242.3535,1.6836073
291,51263.71,34149.24,14.14141481,0.15163095,0.12925512,37.911682,4209.8037,1.6776887
292,51042.15,33917.45,12.36586307,0.154917,0.12970111,37.843906,4195.194,1.67922
293,51254.75,33930.39,12.40016903,0.1542517,0.12995401,37.84587,4201.799,1.678319
294,51381.26,33712.97,10.89392604,0.15652949,0.1283234,37.779266,4197.7617,1.6783932
295,50988.84,33722.11,10.95471084,0.15736528,0.1296961,37.785576,4186.739,1.679967
296,51105.97,33575.84,11.72219774,0.15829396,0.12797612,37.740475,4184.9487,1.6797158
297,51591.0,33266.28,11.77854665,0.15904324,0.12961298,37.64287,4188.017,1.6795042
298,51510.36,33396.87,11.37363686,0.15844832,0.12917039,37.68292,4190.3076,1.6796669
299,51297.04,33377.79,12.31512035,0.15904154,0.1287849,37.679108,4183.464,1.6795099
300,50970.22,33461.96,10.95158466,0.15927625,0.12794998,37.70742,4176.993,1.6794521
301,50654.96,33590.95,11.06397794,0.15921853,0.12938157,37.74912,4172.443,1.6794841
302,50070.56,33589.59,12.77296609,0.16054101,0.12941858,37.81899,4155.497,1.6791365
303,49626.83,33494.15,10.03776746,0.16124792,0.12911305,38.01463,4139.2886,1.6787088
304,49770.02,33396.36,9.17920239,0.16089766,0.12962964,37.940025,4139.9683,1.6786361
305,50226.13,33431.7,10.55683842,0.1611297,0.12907586,37.73333,4154.407,1.6789628
306,50397.26,33470.37,12.20193897,0.16051489,0.12893242,37.715157,4160.7236,1.6791263
307,50784.8,33364.63,11.79650415,0.16027188,0.12778887,37.679802,4168.187,1.6791856
308,50386.12,33227.78,11.51453781,0.16039352,0.12728643,37.642216,4151.816,1.6787292
309,50873.55,33181.15,10.74706957,0.1603397,0.12836161,37.62375,4164.2593,1.6789424
310,51334.64,33166.1,12.33652103,0.16021536,0.12931612,37.615036,4177.059,1.6791914
311,51560.44,32970.99,12.91464327,0.15968929,0.13018802,37.554237,4176.6826,1.6790106
312,51496.96,32746.72,11.56484716,0.15878008,0.13054428,37.487293,4166.9097,1.678612
313,51258.64,33019.23,12.16223772,0.15979965,0.1294806,37.571503,4169.663,1.6789098
314,51175.26,32748.86,10.51665903,0.1587017,0.12989631,37.49086,4157.6836,1.6784251
315,51096.11,32853.85,10.3030895,0.15909794,0.1295119,37.523186,4159.1104,1.6785475
316,50587.7,33155.51,9.831773247,0.1601605,0.12784526,37.618626,4155.087,1.6787322
317,50810.89,32746.74,9.078947535,0.15859486,0.12917227,37.493523,4147.073,1.678206
318,50568.24,32634.64,9.340643842,0.1580834,0.12892851,37.50483,4144.755,1.6778818
319,50583.09,32831.16,9.457823961,0.1588691,0.1285348,37.52101,4143.4736,1.6782073
320,49369.33,32901.51,9.900065809,0.1588211,0.12620294,38.08023,4139.908,1.677602
321,50782.17,32581.35,8.156170244,0.15792923,0.12947112,37.44399,4145.761,1.677923
322,50910.53,32349.45,8.213589297,0.1570415,0.13022742,37.373,4151.3657,1.6776253
323,50741.85,32233.7,8.301655388,0.15653549,0.13013947,37.38919,4154.518,1.6773391
324,50590.96,32359.24,8.903706229,0.1569941,0.12956727,37.469807,4151.6084,1.6774518
325,50394.0,32316.65,9.755406595,0.15677151,0.12926516,37.556625,4152.9736,1.677267
326,50189.52,32625.78,9.538877494,0.15794586,0.12819019,37.67828,4145.5537,1.6776435
327,50531.73,32114.93,7.558975824,0.15600635,0.12997517,37.475266,4157.8086,1.6770234
328,50202.07,32312.55,10.19800633,0.15670334,0.12889016,37.64456,4153.369,1.6771466
329,49920.74,32557.83,13.19689955,0.15760301,0.12779912,37.79588,4147.6636,1.677375
330,49670.85,32641.29,10.93902785,0.15786748,0.12711963,37.918293,4145.957,1.6773615
331,48340.18,29496.68,16.25123032,0.14321628,0.10900729,39.14591,4220.5923,1.6721714
332,49517.72,32741.02,10.1370604,0.1582228,0.12659854,37.99764,4143.6963,1.6774313
333,49130.96,32875.17,8.334068472,0.15865193,0.12669647,38.187546,4140.9307,1.6774187
334,49016.28,33074.18,10.05351891,0.15941252,0.12919253,38.258068,4136.128,1.6776713
335,48912.77,32902.44,9.254242808,0.15870143,0.12769642,38.290367,4140.581,1.6773334
336,48700.73,32798.86,10.48654849,0.1582322,0.12728027,38.37868,4143.495,1.677041
337,48907.8,32668.79,9.666666564,0.15777072,0.12553445,38.27181,4146.4326,1.6769543
338,49385.37,32318.29,9.648873229,0.1565056,0.12724459,38.02083,4154.4707,1.6766725
339,49587.92,32308.92,11.01737399,0.15652303,0.12766987,37.926796,4154.396,1.6767776
340,50070.84,32254.24,11.81808805,0.15643595,0.12875336,37.699738,4155.0273,1.676975
341,50393.7,33185.98,10.88336159,0.16022928,0.12739167,37.634315,4150.5557,1.6786664
342,49550.38,36038.37,17.61700421,0.14444049,0.12101268,38.496017,4213.984,1.6824502
343,50862.78,32190.59,8.959637539,0.1563967,0.13047415,37.329704,4155.4116,1.6773412
344,51192.59,32921.01,11.68573419,0.15939113,0.12956011,37.542534,4164.2773,1.6787126
345,52349.52,32658.6,10.04619849,0.15865989,0.13243905,37.453026,4188.442,1.6789746
346,52283.56,33296.99,15.85658828,0.15730305,0.1309318,37.64583,4209.129,1.6779556
347,52648.91,33650.42,14.84453099,0.15422173,0.13090095,37.74449,4232.201,1.6733994
348,49147.74,33364.53,9.187140364,0.16060293,0.12886962,38.223484,4128.666,1.6782165
349,49436.66,33563.01,11.40384182,0.16147049,0.12862536,38.108265,4136.2275,1.6787071
350,49910.91,33346.1,9.871866733,0.1607358,0.12918687,37.87072,4142.2637,1.6786386
351,49948.97,33000.87,9.428573305,0.15937287,0.12690106,37.822414,4136.5396,1.6781051
352,49577.9,32759.16,10.27230409,0.1583112,0.12667981,37.971573,4143.151,1.6774963
353,59972.96,38108.69,9.466408111,0.1467986,0.12681493,38.133858,4190.3955,1.6786611
354,55043.06,33934.73,15.17373702,0.14945258,0.1296421,37.53853,4230.8467,1.6662862
355,60664.92,31132.98,16.57384731,0.14996754,0.11639973,36.01816,4218.1997,1.673491
356,66877.17,27255.65,13.72569399,0.1539136,0.1203055,37.079636,4172.0645,1.6732179
357,45756.68,34533.74,15.27891187,0.16925381,0.120363586,39.88794,4104.5938,1.6797228
358,57853.2,28716.96,19.70955949,0.15481623,0.117748044,36.10482,4168.6626,1.6774607
359,53717.64,27583.19,13.61203136,0.1493486,0.1155925,37.438766,4202.168,1.6756535
360,47098.87,31226.15,8.64267307,0.15154381,0.125025,38.97537,4185.2715,1.6735609
361,45509.32,34429.68,16.39901628,0.16952683,0.120358594,39.992466,4107.5737,1.6792971
362,54229.32,39009.72,18.98964273,0.15649869,0.1145555,39.287468,4184.671,1.6801677
363,63779.36,38029.76,15.66063443,0.1654443,0.14094314,36.67727,4189.4375,1.6928761
364,57749.36,30469.71,17.43068384,0.15325944,0.11825558,36.17424,4228.7637,1.6724348
365,64809.37,33849.75,6.991878284,0.15972374,0.12866822,35.7146,4216.7734,1.6740091
366,68809.4,28809.76,9.534014575,0.15881787,0.118396334,37.751686,4162.3467,1.6682208
367,68424.41,25489.74,12.47749034,0.15467457,0.12022919,38.145267,4207.9805,1.6745744
368,44899.29,34258.28,15.2484483,0.17037396,0.12006915,40.257843,4112.7905,1.6782806
369,44232.6,36316.84,15.19929142,0.1608529,0.11245266,40.748203,4083.22,1.6780663
370,70509.41,28059.76,10.43736113,0.16090587,0.11773827,38.47,4184.532,1.6675925
371,44528.07,35491.87,11.41415323,0.17061622,0.11554428,40.538673,4082.504,1.6781962
372,45255.43,35296.85,12.49782741,0.16877721,0.11718751,40.18663,4086.2725,1.6792485
373,44803.69,35144.48,11.48925756,0.1720384,0.117055945,40.380875,4090.7722,1.6784859
374,44541.64,35060.05,13.44292548,0.17270923,0.11696678,40.493908,4093.283,1.6780448
375,44134.62,34888.16,14.59454856,0.17315716,0.1169607,40.665833,4098.203,1.677344
376,43848.69,34561.87,14.67657102,0.17305292,0.117624514,40.768276,4106.7993,1.6767693
377,44457.7,34669.84,14.39390213,0.17207868,0.11811865,40.49772,4103.1704,1.6777587
378,45328.64,34918.65,16.38389194,0.17087771,0.118518405,40.11921,4095.6196,1.6792114
379,45787.89,35127.32,16.6612597,0.16763987,0.118477486,39.926537,4089.7007,1.6800083
380,45612.78,34300.97,17.04467486,0.1690617,0.1209205,39.93338,4110.635,1.6794063
381,44826.49,33955.8,15.87360058,0.16990033,0.12095139,40.264347,4120.467,1.6777859
382,44471.29,34137.46,16.81258226,0.17096709,0.11986803,40.443974,4116.465,1.6775672
383,44091.34,33898.29,15.4339523,0.1712248,0.12011824,40.597443,4123.026,1.6768813
384,44494.31,33698.89,15.55629911,0.16909313,0.121325515,40.39426,4127.3984,1.6763922
385,44960.08,33661.75,15.49938993,0.16793966,0.12209258,40.176655,4127.617,1.6764907
386,45404.1,33481.12,16.30479083,0.16558181,0.123295866,39.956257,4131.458,1.6761888
387,46045.8,33432.77,13.12567565,0.16401723,0.12434345,39.656708,4131.6885,1.6764905
388,46990.24,33474.76,11.71066666,0.16269499,0.12551752,39.22594,4129.198,1.6771171
389,46097.23,33818.36,13.47419795,0.16712812,0.12316149,39.667442,4121.967,1.6778858
390,46123.52,34188.11,15.88506227,0.1678301,0.12199604,39.68833,4112.6787,1.6796277
391,49422.17,32951.47,10.51698854,0.15903407,0.12656426,38.06037,4138.5786,1.6777139
392,49655.11,33188.02,9.662072981,0.1600379,0.12833133,37.974304,4132.307,1.6782326
393,49983.62,33021.67,9.668614012,0.15946497,0.12692556,37.808327,4135.967,1.6781591
394,50141.12,33228.5,10.38100261,0.1603302,0.127184,37.754314,4144.758,1.6785854
395,55193.75,33725.84,14.71694225,0.15064307,0.12862039,37.457798,4232.696,1.6710315
396,55488.36,33939.01,15.0467126,0.14974879,0.12795815,37.485703,4230.611,1.6713433
397,55785.79,33864.83,12.76505059,0.15027957,0.12666795,37.427387,4231.16,1.6723177
398,56078.45,34059.89,12.07917874,0.14900602,0.12692621,37.45012,4229.2417,1.6679975
399,56100.05,33748.71,13.86892278,0.1504025,0.1290062,37.3545,4232.086,1.6721225
400,55828.8,33547.87,13.392819,0.15180495,0.13034153,37.327454,4234.0474,1.6743263
401,55454.89,33566.12,14.79524463,0.15165766,0.12805456,37.378338,4234.045,1.6737912
402,55177.71,33437.2,14.08849083,0.15182714,0.12861428,37.37349,4235.3496,1.6747671
403,55343.95,33300.18,13.77278252,0.15232243,0.1316717,37.312347,4236.533,1.6819243
404,56107.58,33369.87,14.13802783,0.15210871,0.13398433,37.24038,4235.556,1.6732094
405,51362.81,33143.69,12.14166751,0.16028522,0.12942076,37.60803,4177.0806,1.6791718
406,51405.75,33126.76,12.07261538,0.16026713,0.12954313,37.602543,4177.7227,1.6791699
407,50429.03,33310.85,12.58733659,0.16073552,0.12719327,37.666836,4155.997,1.6788883
408,50464.22,32902.97,10.49119346,0.15912262,0.12814239,37.576622,4142.578,1.6782525
409,50113.79,32939.97,10.35886824,0.15917511,0.1273619,37.74115,4137.8115,1.6781046
410,50393.87,32531.17,9.447417335,0.15762477,0.12880275,37.57582,4147.6084,1.6776121
411,50302.28,32546.23,9.628764901,0.1576599,0.1285871,37.619305,4147.3716,1.6775823
412,50604.69,32655.07,9.265837525,0.15817453,0.12895742,37.48988,4144.1885,1.6779364
413,50749.22,32588.13,8.398954454,0.15794729,0.12939063,37.446327,4145.642,1.6779141
414,51028.92,32834.36,9.813269145,0.15900227,0.1294195,37.51793,4156.478,1.6784761
415,51071.9,33030.3,11.33370872,0.15979329,0.1290833,37.576534,4164.6553,1.6788172
416,51042.83,33027.39,11.16377872,0.15977381,0.12903142,37.57592,4163.712,1.6787953
417,50749.07,33201.84,10.5944863,0.16038838,0.12806815,37.631104,4161.3926,1.6789024
418,51288.27,33267.98,12.82360144,0.15971403,0.12900394,37.646126,4179.3237,1.6793278
419,51292.78,33492.35,11.78888025,0.1583701,0.12852958,37.713642,4187.3955,1.6796919
420,51100.64,33726.91,10.43597071,0.15703921,0.12938404,37.786007,4190.141,1.6794986
421,45756.77,34144.3,15.26607832,0.16846007,0.12162953,39.85316,4114.334,1.6792091
422,44678.22,34408.79,15.80003721,0.17111422,0.11927321,40.372974,4109.3633,1.6779972
423,46443.48,34407.75,17.28758469,0.16765022,0.12172613,39.56072,4106.6978,1.6807399
424,60556.19,28640.22,9.841151276,0.15548179,0.12036707,36.076912,4199.6855,1.6657257
425,60379.34,31457.94,16.33546521,0.14946665,0.11546155,36.149975,4222.2217,1.6716806
426,60677.44,31433.97,16.30322747,0.14904884,0.11348813,36.106583,4220.4385,1.6729407
427,60975.35,31344.5,15.38226676,0.14882682,0.113703705,36.043648,4218.154,1.672756
428,60884.95,31640.23,15.23034752,0.14838472,0.11296969,36.143005,4220.905,1.6723341
429,60550.23,31709.42,14.07661338,0.14843579,0.112475924,36.204353,4223.2314,1.6725974
430,68473.37,36612.77,11.75165353,0.16954952,0.16196921,37.493874,4208.342,1.677674
431,51633.15,32511.79,13.23347403,0.15788239,0.13132277,37.415325,4162.532,1.6783144
432,46567.51,35388.1,15.03025981,0.1620022,0.11871158,39.59111,4117.8623,1.6813239
433,62853.36,35882.76,9.893741287,0.15646997,0.13130206,36.470825,4209.533,1.6780486
434,44510.41,33626.02,16.22464242,0.16843289,0.121584736,40.38035,4129.197,1.6760614
435,43773.71,33722.18,15.65549254,0.17058136,0.12024989,40.727867,4127.915,1.6760807
436,65193.4,26832.74,9.374795413,0.15536545,0.12151987,36.07351,4167.0127,1.6724536
437,50022.04,40606.42,7.636603188,0.15290481,0.12380073,40.39046,4171.8887,1.6867712
438,43745.18,35114.25,14.62249662,0.1743816,0.115685396,40.865177,4093.142,1.6768289
439,71483.43,25152.76,11.01453208,0.15949681,0.11855642,39.472847,4233.203,1.6716415
440,51554.73,46308.47,16.90257265,0.15937367,0.124582626,37.729843,4131.205,1.684196
